{"v":"4.10.1","fr":29.9700012207031,"ip":0,"op":90.0000036657751,"w":1600,"h":800,"nm":"share","ddd":0,"assets":[],"fonts":{"list":[{"fName":"IRYekan","fFamily":"IRYekan","fStyle":"Regular","ascent":57.2998046875}]},"layers":[{"ddd":0,"ind":1,"ty":4,"nm":"Shape Layer 3","sr":1,"ks":{"o":{"a":0,"k":100,"ix":11},"r":{"a":0,"k":0,"ix":10},"p":{"a":1,"k":[{"i":{"x":0,"y":0},"o":{"x":0.167,"y":0.167},"n":"0_0_0p167_0p167","t":24,"s":[855,482,0],"e":[855,482,0],"to":[0,0,0],"ti":[0,0,0]},{"i":{"x":0.252,"y":1},"o":{"x":0.703,"y":0},"n":"0p252_1_0p703_0","t":25,"s":[855,482,0],"e":[855,272,0],"to":[0,-35,0],"ti":[0,13.6666669845581,0]},{"i":{"x":0.252,"y":1},"o":{"x":0.703,"y":0},"n":"0p252_1_0p703_0","t":38,"s":[855,272,0],"e":[855,400,0],"to":[0,-13.6666669845581,0],"ti":[0,-21.3333339691162,0]},{"i":{"x":0.252,"y":0.252},"o":{"x":0.703,"y":0.703},"n":"0p252_0p252_0p703_0p703","t":47,"s":[855,400,0],"e":[855,400,0],"to":[0,0,0],"ti":[0,0,0]},{"i":{"x":0.252,"y":1},"o":{"x":0.703,"y":0},"n":"0p252_1_0p703_0","t":55,"s":[855,400,0],"e":[1261,400,0],"to":[67.6666641235352,0,0],"ti":[-67.6666641235352,0,0]},{"t":75.0000030548126}],"ix":2},"a":{"a":0,"k":[150,6,0],"ix":1},"s":{"a":0,"k":[100,100,100],"ix":6}},"ao":0,"shapes":[{"ty":"gr","it":[{"d":1,"ty":"el","s":{"a":0,"k":[44,44],"ix":2},"p":{"a":0,"k":[0,0],"ix":3},"nm":"Ellipse Path 1","mn":"ADBE Vector Shape - Ellipse","hd":false},{"ty":"st","c":{"a":0,"k":[0,0,0,1],"ix":3},"o":{"a":0,"k":100,"ix":4},"w":{"a":0,"k":8,"ix":5},"lc":2,"lj":1,"ml":4,"nm":"Stroke 1","mn":"ADBE Vector Graphic - Stroke","hd":false},{"ty":"fl","c":{"a":0,"k":[1,1,1,1],"ix":4},"o":{"a":0,"k":100,"ix":5},"r":1,"nm":"Fill 1","mn":"ADBE Vector Graphic - Fill","hd":false},{"ty":"tr","p":{"a":0,"k":[150,6],"ix":2},"a":{"a":0,"k":[0,0],"ix":1},"s":{"a":0,"k":[100,100],"ix":3},"r":{"a":0,"k":0,"ix":6},"o":{"a":0,"k":100,"ix":7},"sk":{"a":0,"k":0,"ix":4},"sa":{"a":0,"k":0,"ix":5},"nm":"Transform"}],"nm":"Ellipse 1","np":3,"cix":2,"ix":1,"mn":"ADBE Vector Group","hd":false},{"ty":"tm","s":{"a":0,"k":0,"ix":1},"e":{"a":1,"k":[{"i":{"x":[0.203],"y":[1]},"o":{"x":[0.759],"y":[0]},"n":["0p203_1_0p759_0"],"t":0,"s":[0],"e":[100]},{"t":20.0000008146167}],"ix":2},"o":{"a":0,"k":0,"ix":3},"m":1,"ix":2,"nm":"Trim Paths 1","mn":"ADBE Vector Filter - Trim","hd":false}],"ip":0,"op":90.0000036657751,"st":0,"bm":0},{"ddd":0,"ind":2,"ty":4,"nm":"Shape Layer 4","parent":3,"sr":1,"ks":{"o":{"a":0,"k":100,"ix":11},"r":{"a":0,"k":-35,"ix":10},"p":{"a":0,"k":[-8,52,0],"ix":2},"a":{"a":0,"k":[2,-212,0],"ix":1},"s":{"a":1,"k":[{"i":{"x":[0.833,0.833,0.833],"y":[0.833,0.833,0.833]},"o":{"x":[0.167,0.167,0.167],"y":[0.167,0.167,0.167]},"n":["0p833_0p833_0p167_0p167","0p833_0p833_0p167_0p167","0p833_0p833_0p167_0p167"],"t":44,"s":[15,15,100],"e":[150,150,100]},{"t":46.0000018736184}],"ix":6}},"ao":0,"shapes":[{"ty":"gr","it":[{"d":1,"ty":"el","s":{"a":0,"k":[42,42],"ix":2},"p":{"a":0,"k":[0,0],"ix":3},"nm":"Ellipse Path 1","mn":"ADBE Vector Shape - Ellipse","hd":false},{"ty":"st","c":{"a":0,"k":[0,0,0,1],"ix":3},"o":{"a":0,"k":100,"ix":4},"w":{"a":0,"k":8,"ix":5},"lc":1,"lj":1,"ml":4,"nm":"Stroke 1","mn":"ADBE Vector Graphic - Stroke","hd":false},{"ty":"fl","c":{"a":0,"k":[1,1,1,1],"ix":4},"o":{"a":0,"k":100,"ix":5},"r":1,"nm":"Fill 1","mn":"ADBE Vector Graphic - Fill","hd":false},{"ty":"tr","p":{"a":0,"k":[2,-212],"ix":2},"a":{"a":0,"k":[0,0],"ix":1},"s":{"a":0,"k":[65.904,65.904],"ix":3},"r":{"a":0,"k":0,"ix":6},"o":{"a":0,"k":100,"ix":7},"sk":{"a":0,"k":0,"ix":4},"sa":{"a":0,"k":0,"ix":5},"nm":"Transform"}],"nm":"Ellipse 1","np":3,"cix":2,"ix":1,"mn":"ADBE Vector Group","hd":false}],"ip":44.0000017921567,"op":90.0000036657751,"st":0,"bm":0},{"ddd":0,"ind":3,"ty":4,"nm":"Shape Layer 2","parent":1,"sr":1,"ks":{"o":{"a":0,"k":100,"ix":11},"r":{"a":1,"k":[{"i":{"x":[0.266],"y":[1]},"o":{"x":[0.836],"y":[0]},"n":["0p266_1_0p836_0"],"t":25,"s":[0],"e":[-33]},{"i":{"x":[0.833],"y":[1]},"o":{"x":[0.333],"y":[0]},"n":["0p833_1_0p333_0"],"t":38,"s":[-33],"e":[-16]},{"i":{"x":[0.833],"y":[1]},"o":{"x":[0.167],"y":[0]},"n":["0p833_1_0p167_0"],"t":39,"s":[-16],"e":[35]},{"i":{"x":[0.833],"y":[1]},"o":{"x":[0.167],"y":[0]},"n":["0p833_1_0p167_0"],"t":45,"s":[35],"e":[-25]},{"i":{"x":[0.833],"y":[1]},"o":{"x":[0.167],"y":[0]},"n":["0p833_1_0p167_0"],"t":47,"s":[-25],"e":[18]},{"i":{"x":[0.833],"y":[1]},"o":{"x":[0.167],"y":[0]},"n":["0p833_1_0p167_0"],"t":50,"s":[18],"e":[13]},{"i":{"x":[0.833],"y":[1]},"o":{"x":[0.167],"y":[0]},"n":["0p833_1_0p167_0"],"t":53,"s":[13],"e":[25]},{"i":{"x":[0.833],"y":[1]},"o":{"x":[0.167],"y":[0]},"n":["0p833_1_0p167_0"],"t":55,"s":[25],"e":[19]},{"t":57.0000023216576}],"ix":10},"p":{"a":1,"k":[{"i":{"x":0.759,"y":0},"o":{"x":0.356,"y":0},"n":"0p759_0_0p356_0","t":11,"s":[154,5,0],"e":[154,5,0],"to":[0,0,0],"ti":[0,-4.0125584602356,0]},{"i":{"x":0.669,"y":0.082},"o":{"x":0.336,"y":0.828},"n":"0p669_0p082_0p336_0p828","t":16,"s":[154,5,0],"e":[154,5,0],"to":[0,0.96144545078278,0],"ti":[0,-1.11412966251373,0]},{"i":{"x":0.669,"y":0.096},"o":{"x":0.335,"y":0.848},"n":"0p669_0p096_0p335_0p848","t":17,"s":[154,5,0],"e":[154,5,0],"to":[0,1.10198152065277,0],"ti":[0,-1.18097591400146,0]},{"i":{"x":0.668,"y":0.107},"o":{"x":0.335,"y":0.867},"n":"0p668_0p107_0p335_0p867","t":18,"s":[154,5,0],"e":[154,5,0],"to":[0,1.19268691539764,0],"ti":[0,-1.21535921096802,0]},{"i":{"x":0.667,"y":0.115},"o":{"x":0.334,"y":0.89},"n":"0p667_0p115_0p334_0p89","t":19,"s":[154,5,0],"e":[154,5,0],"to":[0,1.23044264316559,0],"ti":[0,-1.20145010948181,0]},{"i":{"x":0.667,"y":0.117},"o":{"x":0.333,"y":0.927},"n":"0p667_0p117_0p333_0p927","t":20,"s":[154,5,0],"e":[154,5,0],"to":[0,1.20614564418793,0],"ti":[0,-1.11767709255219,0]},{"i":{"x":0.666,"y":0.101},"o":{"x":0.33,"y":1},"n":"0p666_0p101_0p33_1","t":21,"s":[154,5,0],"e":[154,5,0],"to":[0,1.1119726896286,0],"ti":[0,-0.91053503751755,0]},{"i":{"x":0.665,"y":0.385},"o":{"x":0.332,"y":0.796},"n":"0p665_0p385_0p332_0p796","t":22,"s":[154,5,0],"e":[154,5,0],"to":[-2.8421709430404e-14,1.12687242031097,0],"ti":[0,0.58859384059906,0]},{"i":{"x":0.638,"y":0.858},"o":{"x":0.291,"y":0.621},"n":"0p638_0p858_0p291_0p621","t":23,"s":[154,5,0],"e":[154,5,0],"to":[0,-0.24984918534756,0],"ti":[0,1.33060550689697,0]},{"i":{"x":0.676,"y":1},"o":{"x":0.12,"y":1},"n":"0p676_1_0p12_1","t":24,"s":[154,5,0],"e":[154,5,0],"to":[0,-0.04309655725956,0],"ti":[0,0.04966641589999,0]},{"i":{"x":0.812,"y":0},"o":{"x":0.375,"y":0},"n":"0p812_0_0p375_0","t":25,"s":[154,5,0],"e":[154,5,0],"to":[0,-1.43241512775421,0],"ti":[0,2.89268827438354,0]},{"i":{"x":0.749,"y":0},"o":{"x":0.398,"y":0.577},"n":"0p749_0_0p398_0p577","t":27,"s":[154,5,0],"e":[154,5,0],"to":[0,-5.99830770492554,0],"ti":[0,10.2417688369751,0]},{"i":{"x":0.78,"y":0.224},"o":{"x":0.471,"y":0.967},"n":"0p78_0p224_0p471_0p967","t":29,"s":[154,5,0],"e":[154,5,0],"to":[-1.13686837721616e-13,-19.3879241943359,0],"ti":[0,12.5577936172485,0]},{"i":{"x":0.752,"y":0.183},"o":{"x":0.485,"y":0.891},"n":"0p752_0p183_0p485_0p891","t":31,"s":[154,5,0],"e":[154,5,0],"to":[0,-16.9972839355469,0],"ti":[0,14.2760524749756,0]},{"i":{"x":0.518,"y":0.345},"o":{"x":0.271,"y":0.99},"n":"0p518_0p345_0p271_0p99","t":32,"s":[154,5,0],"e":[154,5,0],"to":[1.13686837721616e-13,-16.7968330383301,0],"ti":[0,10.95485496521,0]},{"i":{"x":0.418,"y":1},"o":{"x":0.066,"y":1},"n":"0p418_1_0p066_1","t":33,"s":[154,5,0],"e":[154,5,0],"to":[0,-9.88038730621338,0],"ti":[0,0,0]},{"i":{"x":0.418,"y":0.418},"o":{"x":0.333,"y":0.333},"n":"0p418_0p418_0p333_0p333","t":39,"s":[154,5,0],"e":[154,5,0],"to":[0,0,0],"ti":[0,0,0]},{"t":45.0000018328876}],"ix":2},"a":{"a":0,"k":[134,80,0],"ix":1},"s":{"a":0,"k":[100,100,100],"ix":6}},"ao":0,"shapes":[{"ty":"gr","it":[{"ind":0,"ty":"sh","ix":1,"ks":{"a":0,"k":{"i":[[0,0],[0,0]],"o":[[0,0],[0,0]],"v":[[134,80],[-8,52]],"c":false},"ix":2},"nm":"Path 1","mn":"ADBE Vector Shape - Group","hd":false},{"ty":"st","c":{"a":0,"k":[0,0,0,1],"ix":3},"o":{"a":0,"k":100,"ix":4},"w":{"a":0,"k":8,"ix":5},"lc":2,"lj":1,"ml":4,"nm":"Stroke 1","mn":"ADBE Vector Graphic - Stroke","hd":false},{"ty":"fl","c":{"a":0,"k":[1,1,1,1],"ix":4},"o":{"a":0,"k":100,"ix":5},"r":1,"nm":"Fill 1","mn":"ADBE Vector Graphic - Fill","hd":false},{"ty":"tr","p":{"a":0,"k":[0,0],"ix":2},"a":{"a":0,"k":[0,0],"ix":1},"s":{"a":0,"k":[100,100],"ix":3},"r":{"a":0,"k":0,"ix":6},"o":{"a":0,"k":100,"ix":7},"sk":{"a":0,"k":0,"ix":4},"sa":{"a":0,"k":0,"ix":5},"nm":"Transform"}],"nm":"Shape 1","np":3,"cix":2,"ix":1,"mn":"ADBE Vector Group","hd":false},{"ty":"tm","s":{"a":0,"k":0,"ix":1},"e":{"a":1,"k":[{"i":{"x":[0.294],"y":[1]},"o":{"x":[0.821],"y":[0]},"n":["0p294_1_0p821_0"],"t":11,"s":[8],"e":[98]},{"t":25.0000010182709}],"ix":2},"o":{"a":0,"k":0,"ix":3},"m":1,"ix":2,"nm":"Trim Paths 1","mn":"ADBE Vector Filter - Trim","hd":false}],"ip":11.0000004480392,"op":93.0000037879677,"st":-10.0000004073083,"bm":0},{"ddd":0,"ind":4,"ty":4,"nm":"Shape Layer 6","parent":5,"sr":1,"ks":{"o":{"a":0,"k":100,"ix":11},"r":{"a":0,"k":-10,"ix":10},"p":{"a":0,"k":[-8,52,0],"ix":2},"a":{"a":0,"k":[2,-212,0],"ix":1},"s":{"a":1,"k":[{"i":{"x":[0.833,0.833,0.833],"y":[0.833,0.833,0.833]},"o":{"x":[0.167,0.167,0.167],"y":[0.167,0.167,0.167]},"n":["0p833_0p833_0p167_0p167","0p833_0p833_0p167_0p167","0p833_0p833_0p167_0p167"],"t":44,"s":[0,0,100],"e":[150,150,100]},{"t":46.0000018736184}],"ix":6}},"ao":0,"shapes":[{"ty":"gr","it":[{"d":1,"ty":"el","s":{"a":0,"k":[42,42],"ix":2},"p":{"a":0,"k":[0,0],"ix":3},"nm":"Ellipse Path 1","mn":"ADBE Vector Shape - Ellipse","hd":false},{"ty":"st","c":{"a":0,"k":[0,0,0,1],"ix":3},"o":{"a":0,"k":100,"ix":4},"w":{"a":0,"k":8,"ix":5},"lc":1,"lj":1,"ml":4,"nm":"Stroke 1","mn":"ADBE Vector Graphic - Stroke","hd":false},{"ty":"fl","c":{"a":0,"k":[1,1,1,1],"ix":4},"o":{"a":0,"k":100,"ix":5},"r":1,"nm":"Fill 1","mn":"ADBE Vector Graphic - Fill","hd":false},{"ty":"tr","p":{"a":0,"k":[2,-212],"ix":2},"a":{"a":0,"k":[0,0],"ix":1},"s":{"a":0,"k":[65.904,65.904],"ix":3},"r":{"a":0,"k":0,"ix":6},"o":{"a":0,"k":100,"ix":7},"sk":{"a":0,"k":0,"ix":4},"sa":{"a":0,"k":0,"ix":5},"nm":"Transform"}],"nm":"Ellipse 1","np":3,"cix":2,"ix":1,"mn":"ADBE Vector Group","hd":false}],"ip":47.0000019143492,"op":90.0000036657751,"st":0,"bm":0},{"ddd":0,"ind":5,"ty":4,"nm":"Shape Layer 5","parent":1,"sr":1,"ks":{"o":{"a":0,"k":100,"ix":11},"r":{"a":1,"k":[{"i":{"x":[0.833],"y":[1]},"o":{"x":[0.167],"y":[0]},"n":["0p833_1_0p167_0"],"t":47,"s":[-25],"e":[-93]},{"i":{"x":[0.833],"y":[1]},"o":{"x":[0.167],"y":[0]},"n":["0p833_1_0p167_0"],"t":50,"s":[-93],"e":[-40]},{"i":{"x":[0.833],"y":[1]},"o":{"x":[0.167],"y":[0]},"n":["0p833_1_0p167_0"],"t":53,"s":[-40],"e":[-52]},{"t":55.0000022401959}],"ix":10},"p":{"a":0,"k":[154,6,0],"ix":2},"a":{"a":0,"k":[134,80,0],"ix":1},"s":{"a":0,"k":[100,100,100],"ix":6}},"ao":0,"shapes":[{"ty":"gr","it":[{"ind":0,"ty":"sh","ix":1,"ks":{"a":0,"k":{"i":[[0,0],[0,0]],"o":[[0,0],[0,0]],"v":[[134,80],[-8,52]],"c":false},"ix":2},"nm":"Path 1","mn":"ADBE Vector Shape - Group","hd":false},{"ty":"st","c":{"a":0,"k":[0,0,0,1],"ix":3},"o":{"a":0,"k":100,"ix":4},"w":{"a":0,"k":8,"ix":5},"lc":2,"lj":1,"ml":4,"nm":"Stroke 1","mn":"ADBE Vector Graphic - Stroke","hd":false},{"ty":"fl","c":{"a":0,"k":[1,1,1,1],"ix":4},"o":{"a":0,"k":100,"ix":5},"r":1,"nm":"Fill 1","mn":"ADBE Vector Graphic - Fill","hd":false},{"ty":"tr","p":{"a":0,"k":[0,0],"ix":2},"a":{"a":0,"k":[0,0],"ix":1},"s":{"a":0,"k":[100,100],"ix":3},"r":{"a":0,"k":0,"ix":6},"o":{"a":0,"k":100,"ix":7},"sk":{"a":0,"k":0,"ix":4},"sa":{"a":0,"k":0,"ix":5},"nm":"Transform"}],"nm":"Shape 1","np":3,"cix":2,"ix":1,"mn":"ADBE Vector Group","hd":false},{"ty":"tm","s":{"a":0,"k":0,"ix":1},"e":{"a":0,"k":98,"ix":2},"o":{"a":0,"k":0,"ix":3},"m":1,"ix":2,"nm":"Trim Paths 1","mn":"ADBE Vector Filter - Trim","hd":false}],"ip":47.0000019143492,"op":93.0000037879676,"st":-10.0000004073083,"bm":0},{"ddd":0,"ind":6,"ty":4,"nm":"circle","sr":1,"ks":{"o":{"a":0,"k":100,"ix":11},"r":{"a":1,"k":[{"i":{"x":[0.302],"y":[1]},"o":{"x":[0.712],"y":[0]},"n":["0p302_1_0p712_0"],"t":47,"s":[0],"e":[143]},{"t":60.0000024438501}],"ix":10},"p":{"a":1,"k":[{"i":{"x":0.25,"y":1},"o":{"x":0.744,"y":0},"n":"0p25_1_0p744_0","t":55,"s":[800,400,0],"e":[1206,400,0],"to":[67.6666641235352,0,0],"ti":[-67.6666641235352,0,0]},{"t":75.0000030548126}],"ix":2},"a":{"a":0,"k":[82,2,0],"ix":1},"s":{"a":0,"k":[100,100,100],"ix":6}},"ao":0,"shapes":[{"ty":"gr","it":[{"d":1,"ty":"el","s":{"a":0,"k":[388,388],"ix":2},"p":{"a":0,"k":[0,0],"ix":3},"nm":"Ellipse Path 1","mn":"ADBE Vector Shape - Ellipse","hd":false},{"ty":"st","c":{"a":0,"k":[0,0,0,1],"ix":3},"o":{"a":0,"k":100,"ix":4},"w":{"a":0,"k":8,"ix":5},"lc":2,"lj":1,"ml":4,"nm":"Stroke 1","mn":"ADBE Vector Graphic - Stroke","hd":false},{"ty":"fl","c":{"a":0,"k":[0.207843137255,0.78431372549,0.611764705882,1],"ix":4},"o":{"a":1,"k":[{"i":{"x":[0.833],"y":[0.833]},"o":{"x":[0.167],"y":[0.167]},"n":["0p833_0p833_0p167_0p167"],"t":0,"s":[0],"e":[100]},{"i":{"x":[0.833],"y":[0.833]},"o":{"x":[0.167],"y":[0.167]},"n":["0p833_0p833_0p167_0p167"],"t":2,"s":[100],"e":[0]},{"i":{"x":[0.833],"y":[0.833]},"o":{"x":[0.167],"y":[0.167]},"n":["0p833_0p833_0p167_0p167"],"t":47,"s":[0],"e":[0]},{"i":{"x":[0.833],"y":[0.833]},"o":{"x":[0.167],"y":[0.167]},"n":["0p833_0p833_0p167_0p167"],"t":59,"s":[0],"e":[100]},{"t":60.0000024438501}],"ix":5},"r":1,"nm":"Fill 1","mn":"ADBE Vector Graphic - Fill","hd":false},{"ty":"tr","p":{"a":0,"k":[82,2],"ix":2},"a":{"a":0,"k":[0,0],"ix":1},"s":{"a":0,"k":[100,100],"ix":3},"r":{"a":0,"k":0,"ix":6},"o":{"a":0,"k":100,"ix":7},"sk":{"a":0,"k":0,"ix":4},"sa":{"a":0,"k":0,"ix":5},"nm":"Transform"}],"nm":"Ellipse 1","np":3,"cix":2,"ix":1,"mn":"ADBE Vector Group","hd":false},{"ty":"tm","s":{"a":0,"k":0,"ix":1},"e":{"a":1,"k":[{"i":{"x":[0.302],"y":[1]},"o":{"x":[0.712],"y":[0]},"n":["0p302_1_0p712_0"],"t":47,"s":[0],"e":[100]},{"t":60.0000024438501}],"ix":2},"o":{"a":0,"k":0,"ix":3},"m":1,"ix":2,"nm":"Trim Paths 1","mn":"ADBE Vector Filter - Trim","hd":false}],"ip":0,"op":90.0000036657751,"st":0,"bm":0},{"ddd":0,"ind":7,"ty":4,"nm":"shadow","sr":1,"ks":{"o":{"a":1,"k":[{"i":{"x":[0.667],"y":[1]},"o":{"x":[0.333],"y":[0]},"n":["0p667_1_0p333_0"],"t":0,"s":[0],"e":[24]},{"t":30.0000012219251}],"ix":11},"r":{"a":0,"k":0,"ix":10},"p":{"a":1,"k":[{"i":{"x":0.321,"y":0.321},"o":{"x":0.827,"y":0.827},"n":"0p321_0p321_0p827_0p827","t":47,"s":[771,600,0],"e":[771,600,0],"to":[0,0,0],"ti":[0,0,0]},{"i":{"x":0.261,"y":1},"o":{"x":0.729,"y":0},"n":"0p261_1_0p729_0","t":55,"s":[771,600,0],"e":[1175,604.13,0],"to":[67.3333358764648,0.68841552734375,0],"ti":[-67.3333358764648,-0.68841552734375,0]},{"t":75.0000030548126}],"ix":2},"a":{"a":0,"k":[0,0,0],"ix":1},"s":{"a":1,"k":[{"i":{"x":[0.667,0.667,0.667],"y":[1,1,1]},"o":{"x":[0.333,0.333,0.333],"y":[0,0,0]},"n":["0p667_1_0p333_0","0p667_1_0p333_0","0p667_1_0p333_0"],"t":0,"s":[0,100,100],"e":[100,100,100]},{"t":30.0000012219251}],"ix":6}},"ao":0,"shapes":[{"ty":"gr","it":[{"d":1,"ty":"el","s":{"a":0,"k":[302,18],"ix":2},"p":{"a":0,"k":[0,0],"ix":3},"nm":"Ellipse Path 1","mn":"ADBE Vector Shape - Ellipse","hd":false},{"ty":"fl","c":{"a":0,"k":[0.462745098039,0.462745098039,0.462745098039,1],"ix":4},"o":{"a":0,"k":100,"ix":5},"r":1,"nm":"Fill 1","mn":"ADBE Vector Graphic - Fill","hd":false},{"ty":"tr","p":{"a":0,"k":[29,105],"ix":2},"a":{"a":0,"k":[0,0],"ix":1},"s":{"a":0,"k":[100,100],"ix":3},"r":{"a":0,"k":0,"ix":6},"o":{"a":0,"k":100,"ix":7},"sk":{"a":0,"k":0,"ix":4},"sa":{"a":0,"k":0,"ix":5},"nm":"Transform"}],"nm":"Ellipse 1","np":3,"cix":2,"ix":1,"mn":"ADBE Vector Group","hd":false}],"ip":0,"op":90.0000036657751,"st":0,"bm":0},{"ddd":0,"ind":8,"ty":5,"nm":"Share","parent":9,"sr":1,"ks":{"o":{"a":0,"k":100,"ix":11},"r":{"a":0,"k":0,"ix":10},"p":{"a":0,"k":[-145.114,13.966,0],"ix":2},"a":{"a":0,"k":[0,0,0],"ix":1},"s":{"a":0,"k":[100.773,100.773,100],"ix":6}},"ao":0,"t":{"d":{"k":[{"s":{"s":143,"f":"IRYekan","t":"Share","j":2,"tr":0,"lh":171.6,"ls":0,"fc":[0,0,0]},"t":0}]},"p":{},"m":{"g":1,"a":{"a":0,"k":[0,0],"ix":2}},"a":[]},"ip":60.0000024438501,"op":90.0000036657752,"st":0,"bm":0},{"ddd":0,"ind":9,"ty":3,"nm":"اشتراک گذاری Outlines","sr":1,"ks":{"o":{"a":0,"k":100,"ix":11},"r":{"a":0,"k":0,"ix":10},"p":{"a":1,"k":[{"i":{"x":0.238,"y":1},"o":{"x":0.669,"y":0},"n":"0p238_1_0p669_0","t":50,"s":[598.593,400,0],"e":[387.593,400,0],"to":[-35.1666679382324,0,0],"ti":[35.1666679382324,0,0]},{"t":75.0000030548126}],"ix":2},"a":{"a":0,"k":[-397.157,-39.395,0],"ix":1},"s":{"a":0,"k":[99.233,99.233,100],"ix":6}},"ao":0,"ip":60.0000024438501,"op":90.0000036657752,"st":0,"bm":0}],"chars":[{"ch":"S","size":143,"style":"Regular","w":53.37,"data":{"shapes":[{"ty":"gr","it":[{"ind":0,"ty":"sh","ix":1,"ks":{"a":0,"k":{"i":[[0,0],[-1.123,-2.425],[-2.084,-1.709],[-2.979,-0.911],[-3.809,0.098],[-2.621,0.911],[-1.904,1.579],[-1.042,2.1],[0.065,2.312],[1.579,2.344],[3.352,1.563],[6.184,1.367],[1.497,1.335],[0,2.019],[-0.505,1.042],[-1.058,0.781],[-1.66,0.456],[-2.312,0],[-2.214,-1.855],[-0.359,-3.678],[0,0],[1.041,2.116],[1.855,1.482],[2.62,0.814],[3.223,0],[2.49,-0.813],[1.823,-1.432],[0.993,-1.969],[-0.098,-2.18],[-5.437,-2.93],[-5.306,-1.27],[-1.465,-0.651],[-1.025,-1.334],[0,-1.79],[0.651,-1.188],[1.237,-0.879],[1.774,-0.52],[2.18,0.066],[2.637,1.107],[1.237,1.839],[0.358,2.898]],"o":[[0.098,2.93],[1.123,2.425],[2.083,1.709],[2.979,0.911],[3.059,0.065],[2.62,-0.911],[1.904,-1.579],[1.041,-2.1],[0,-3.092],[-1.579,-2.344],[-2.312,-1.009],[-6.12,-1.465],[-1.433,-1.334],[0,-1.204],[0.504,-1.041],[1.057,-0.781],[1.66,-0.455],[4.459,0],[2.213,1.855],[0,0],[-0.066,-2.604],[-1.042,-2.116],[-1.855,-1.481],[-2.621,-0.813],[-2.93,-0.098],[-2.49,0.814],[-1.823,1.433],[-0.993,1.97],[0,5.404],[2.051,1.107],[5.305,1.237],[2.441,0.912],[1.025,1.335],[0.065,1.335],[-0.652,1.189],[-1.237,0.879],[-1.775,0.521],[-3.255,0],[-2.605,-1.106],[-1.237,-1.839],[0,0]],"v":[[3.613,-18.408],[5.444,-10.376],[10.254,-4.175],[17.847,-0.244],[28.027,0.977],[36.548,-0.293],[43.335,-4.028],[47.754,-9.546],[49.219,-16.162],[46.851,-24.316],[39.453,-30.176],[26.709,-33.74],[15.283,-37.939],[13.135,-42.969],[13.892,-46.338],[16.235,-49.072],[20.313,-50.928],[26.27,-51.611],[36.279,-48.828],[40.137,-40.527],[47.412,-41.113],[45.752,-48.193],[41.406,-53.589],[34.692,-57.031],[25.928,-58.252],[17.798,-57.178],[11.328,-53.809],[7.104,-48.706],[5.762,-42.48],[13.916,-29.98],[24.951,-26.416],[35.107,-23.584],[40.308,-20.215],[41.846,-15.527],[40.967,-11.743],[38.135,-8.643],[33.618,-6.543],[27.686,-5.859],[18.848,-7.52],[13.086,-11.938],[10.693,-19.043]],"c":true},"ix":2},"nm":"S","mn":"ADBE Vector Shape - Group","hd":false}],"nm":"S","np":3,"cix":2,"ix":1,"mn":"ADBE Vector Group","hd":false}]},"fFamily":"IRYekan"},{"ch":"h","size":143,"style":"Regular","w":44.48,"data":{"shapes":[{"ty":"gr","it":[{"ind":0,"ty":"sh","ix":1,"ks":{"a":0,"k":{"i":[[0,0],[0,0],[0,0],[-0.195,1.221],[-0.359,0.945],[-0.684,0.749],[-0.879,0.537],[-1.009,0.277],[-1.042,0],[-1.514,-1.611],[0,-3.516],[0,0],[0,0],[0,0],[0.944,2.084],[2.246,1.189],[3.125,0],[3.288,-3.776],[0,0],[0,0]],"o":[[0,0],[0,0],[0,-1.66],[0.195,-1.221],[0.391,-0.944],[0.684,-0.748],[0.879,-0.537],[1.009,-0.276],[2.766,0],[1.514,1.611],[0,0],[0,0],[0,0],[0,-4.102],[-0.977,-2.148],[-2.246,-1.188],[-4.98,0],[0,0],[0,0],[0,0]],"v":[[5.273,0],[12.305,0],[12.305,-22.754],[12.598,-27.075],[13.428,-30.322],[15.039,-32.861],[17.383,-34.79],[20.215,-36.011],[23.291,-36.426],[29.712,-34.009],[31.982,-26.318],[31.982,0],[39.014,0],[39.014,-26.318],[37.598,-35.596],[32.764,-40.601],[24.707,-42.383],[12.305,-36.719],[12.305,-57.275],[5.273,-57.275]],"c":true},"ix":2},"nm":"h","mn":"ADBE Vector Shape - Group","hd":false}],"nm":"h","np":3,"cix":2,"ix":1,"mn":"ADBE Vector Group","hd":false}]},"fFamily":"IRYekan"},{"ch":"a","size":143,"style":"Regular","w":44.48,"data":{"shapes":[{"ty":"gr","it":[{"ind":0,"ty":"sh","ix":1,"ks":{"a":0,"k":{"i":[[-0.228,-0.83],[-0.359,-0.748],[0,0],[0.293,1.628],[0,6.478],[0,0],[0.26,1.302],[0.651,1.107],[1.204,0.814],[1.871,0.439],[2.734,0],[2.979,-2.1],[0.944,-4.264],[0,0],[-0.554,1.009],[-0.847,0.619],[-1.189,0.277],[-1.66,0],[-1.823,-1.563],[0,-2.897],[0,0],[2.067,-0.391],[2.864,-0.358],[1.025,-0.163],[0.684,-0.163],[1.221,-0.684],[0.928,-1.009],[0.537,-1.286],[0,-1.595],[-0.635,-1.465],[-1.205,-1.057],[-1.758,-0.586],[-2.246,0],[-1.286,0.211],[-1.237,0.488],[-1.237,0.765],[-1.302,1.14]],"o":[[0.227,0.83],[0,0],[-0.912,-1.692],[-0.293,-1.758],[0,0],[0,-3.092],[-0.261,-1.334],[-0.652,-1.106],[-1.205,-0.813],[-1.872,-0.439],[-5.599,0],[-2.979,2.1],[0,0],[0.358,-1.465],[0.553,-1.009],[0.846,-0.618],[1.188,-0.276],[3.548,0],[1.27,1.172],[0,0],[-1.335,0.456],[-2.068,0.391],[-1.433,0.195],[-1.025,0.163],[-1.367,0.391],[-1.221,0.684],[-0.928,1.009],[-0.537,1.286],[0,1.758],[0.635,1.465],[1.204,1.058],[1.758,0.586],[1.367,0],[1.286,-0.212],[1.237,-0.488],[1.237,-0.764],[0.13,1.009]],"v":[[32.861,-2.368],[33.74,0],[41.113,0],[39.307,-4.98],[38.867,-17.334],[38.867,-26.709],[38.477,-33.301],[37.109,-36.963],[34.326,-39.844],[29.712,-41.724],[22.803,-42.383],[9.937,-39.233],[4.053,-29.688],[10.986,-28.711],[12.354,-32.422],[14.453,-34.863],[17.505,-36.206],[21.777,-36.621],[29.834,-34.277],[31.738,-28.174],[31.738,-26.318],[26.636,-25.049],[19.238,-23.926],[15.552,-23.389],[12.988,-22.9],[9.106,-21.289],[5.884,-18.75],[3.687,-15.308],[2.881,-10.986],[3.833,-6.152],[6.592,-2.368],[11.035,0.098],[17.041,0.977],[21.021,0.659],[24.805,-0.391],[28.516,-2.271],[32.324,-5.127]],"c":true},"ix":2},"nm":"a","mn":"ADBE Vector Shape - Group","hd":false},{"ind":1,"ty":"sh","ix":2,"ks":{"a":0,"k":{"i":[[0,0],[0.748,-1.595],[2.1,-1.188],[2.734,0],[1.399,1.221],[0,1.921],[-0.652,1.009],[-0.423,0.375],[-0.668,0.277],[-0.977,0.212],[-1.433,0.228],[-1.921,0.439],[-1.27,0.521]],"o":[[0,3.093],[-1.009,2.051],[-2.1,1.189],[-2.734,0],[-1.4,-1.221],[0,-1.237],[0.325,-0.488],[0.423,-0.374],[0.667,-0.276],[0.977,-0.211],[2.571,-0.358],[1.92,-0.439],[0,0]],"v":[[31.738,-18.262],[30.615,-11.23],[25.952,-6.372],[18.701,-4.59],[12.5,-6.421],[10.4,-11.133],[11.377,-14.502],[12.5,-15.796],[14.136,-16.772],[16.602,-17.505],[20.215,-18.164],[26.953,-19.36],[31.738,-20.801]],"c":true},"ix":2},"nm":"a","mn":"ADBE Vector Shape - Group","hd":false}],"nm":"a","np":5,"cix":2,"ix":1,"mn":"ADBE Vector Group","hd":false}]},"fFamily":"IRYekan"},{"ch":"r","size":143,"style":"Regular","w":26.66,"data":{"shapes":[{"ty":"gr","it":[{"ind":0,"ty":"sh","ix":1,"ks":{"a":0,"k":{"i":[[0,0],[0,0],[0,0],[-0.212,1.384],[-0.359,1.237],[-1.221,0.896],[-1.563,0],[-0.863,-0.227],[-0.847,-0.553],[0,0],[1.204,0.359],[1.237,0],[0.732,-0.195],[0.716,-0.537],[0.732,-0.928],[0.813,-1.465],[0,0],[0,0]],"o":[[0,0],[0,0],[0,-1.497],[0.211,-1.383],[0.52,-1.66],[1.221,-0.895],[0.846,0],[0.862,0.228],[0,0],[-1.237,-0.781],[-1.205,-0.358],[-0.781,0],[-0.732,0.195],[-0.716,0.537],[-0.732,0.928],[0,0],[0,0],[0,0]],"v":[[5.176,0],[12.207,0],[12.207,-21.68],[12.524,-26.001],[13.379,-29.932],[15.991,-33.765],[20.166,-35.107],[22.729,-34.766],[25.293,-33.594],[27.783,-40.137],[24.121,-41.846],[20.459,-42.383],[18.188,-42.09],[16.016,-40.991],[13.843,-38.794],[11.523,-35.205],[11.523,-41.504],[5.176,-41.504]],"c":true},"ix":2},"nm":"r","mn":"ADBE Vector Shape - Group","hd":false}],"nm":"r","np":3,"cix":2,"ix":1,"mn":"ADBE Vector Group","hd":false}]},"fFamily":"IRYekan"},{"ch":"e","size":143,"style":"Regular","w":44.48,"data":{"shapes":[{"ty":"gr","it":[{"ind":0,"ty":"sh","ix":1,"ks":{"a":0,"k":{"i":[[0,0],[1.823,-1.318],[2.571,0],[1.481,0.603],[1.106,1.189],[0.667,1.742],[0.13,2.312],[0,0],[0,0.31],[0,0.195],[3.516,3.777],[5.501,0],[3.613,-3.841],[0.879,-2.702],[0,-3.483],[-0.912,-2.653],[-1.709,-1.823],[-2.441,-0.96],[-3.06,0],[-3.076,2.328],[-1.172,4.297]],"o":[[-1.074,3.027],[-1.823,1.318],[-1.758,0],[-1.482,-0.602],[-1.107,-1.188],[-0.668,-1.741],[0,0],[0.065,-0.423],[0,-0.309],[0,-6.836],[-3.581,-3.776],[-5.73,0],[-1.791,1.921],[-0.879,2.702],[0,3.386],[0.911,2.654],[1.709,1.823],[2.441,0.96],[4.817,0],[3.076,-2.327],[0,0]],"v":[[33.691,-13.379],[29.346,-6.86],[22.754,-4.883],[17.896,-5.786],[14.014,-8.472],[11.353,-12.866],[10.156,-18.945],[41.113,-18.945],[41.211,-20.044],[41.211,-20.801],[35.938,-36.719],[22.314,-42.383],[8.301,-36.621],[4.297,-29.688],[2.979,-20.41],[4.346,-11.353],[8.276,-4.639],[14.502,-0.464],[22.754,0.977],[34.595,-2.515],[40.967,-12.451]],"c":true},"ix":2},"nm":"e","mn":"ADBE Vector Shape - Group","hd":false},{"ind":1,"ty":"sh","ix":2,"ks":{"a":0,"k":{"i":[[0,0],[-0.652,1.465],[-1.042,1.042],[-1.367,0.554],[-1.628,0],[-1.433,-0.667],[-1.14,-1.367],[-0.293,-3.58]],"o":[[0.13,-1.823],[0.651,-1.465],[1.041,-1.041],[1.367,-0.553],[1.855,0],[1.432,0.668],[1.432,1.66],[0,0]],"v":[[10.547,-24.707],[11.719,-29.639],[14.258,-33.398],[17.871,-35.791],[22.363,-36.621],[27.295,-35.62],[31.152,-32.568],[33.74,-24.707]],"c":true},"ix":2},"nm":"e","mn":"ADBE Vector Shape - Group","hd":false}],"nm":"e","np":5,"cix":2,"ix":1,"mn":"ADBE Vector Group","hd":false}]},"fFamily":"IRYekan"}]}